article_no,selling_price,inventory_quantity,inventory_value,4_weeks_sales,MOI,country
10887,12.99,7,90.93,0,99998,AU
10917,59.99,1,59.99,1,3,AU
11033,29.99,17,509.83,6,2.83,AU
10960,29.99,16,479.84,2,8,AU
11252,49.99,13,649.87,0,99998,AU
11005,59.99,13,779.87,0,99998,AU
11417,69.99,0,0,0,0,AU
11048,59.99,3,179.97,1,3,AU
11341,79.99,0,0,1,0,AU
10532,59.99,5,299.95,3,1.67,AU
10844,24.99,11,274.89,15,0.73,AU
11168,24.99,40,999.6,32,1.25,AU
10914,27.99,19,531.81,1,19,AU
11167,29.99,233,6987.67,77,3.03,AU
11411,34.99,10,349.9,4,2.5,AU
11091,19.99,19,379.81,1,19,AU
11251,17.99,32,575.68,8,4,AU
11284,29.99,21,629.79,5,4.2,AU
11402,19.99,61,1219.39,7,8.71,AU
18010,14.99,13,194.87,1,13,AU
11516,24.99,24,599.76,6,4,AU
11517,29.99,68,2039.32,27,2.52,AU
11521,24.99,0,0,8,0.5,AU
11522,29.99,116,3478.84,20,5.85,AU
11534,27.99,0,0,6,0,AU
11533,34.99,7,244.93,2,3.5,AU
11562,29.99,27,809.73,1,27,AU
11567,39.99,5,199.95,3,1.67,AU
11568,44.99,13,584.87,6,2.33,AU
10840,39.99,15,599.85,0,99998,AU
10793,34.99,2,69.98,0,99998,AU
11525,79.99,32,2559.68,6,5.33,AU
11528,74.99,4,299.96,1,4,AU
11267,34.99,15,524.85,7,2.57,AU
11261,34.99,6,209.94,3,2,AU
11566,34.99,57,1994.43,36,1.61,AU
11572,39.99,21,839.79,11,1.91,AU
11605,39.99,9,359.91,7,1.43,AU
11635,29.99,9,269.91,6,1.5,AU
11538,19.99,15,299.85,0,99998,AU
11626,39.99,0,0,0,0,AU
11019,49.99,4,199.96,0,99998,AU
11354,99.99,5,499.95,3,1.67,AU
11615,99.99,7,699.93,1,7,AU
11648,69.99,13,909.87,2,6.5,AU
11633,94.99,0,0,0,0,AU
11444,16.99,10,169.9,3,3.33,AU
11574,21.99,14,307.86,4,3.5,AU
11663,69.99,6,419.94,0,99998,AU
11670,29.99,8,239.92,3,2.67,AU
11665,32.99,17,560.83,3,5.67,AU
11673,59.99,59,3539.41,29,2.07,AU
11447,44.99,10,449.9,11,0.91,AU
11449,49.99,6,299.94,2,3,AU
11573,54.99,6,329.94,0,99998,AU
11002,59.99,9,539.91,0,99998,AU
11486,29.99,16,479.84,2,8,AU
11578,149.99,2,299.98,1,2,AU
11607,39.99,23,919.77,6,3.83,AU
11694,49.99,0,0,0,0,AU
11634,44.99,9,404.91,3,3,AU
18025,14.99,3,44.97,0,99998,AU
18038,14.99,1,14.99,0,99998,AU
18026,14.99,6,89.94,1,6,AU
18037,14.99,6,89.94,0,99998,AU
18040,14.99,0,0,0,0,AU
18033,39.99,6,239.94,0,99998,AU
19998,9.99,23,229.77,13,1.77,AU
11696,29.99,0,0,1,1,AU
11703,14.99,3,44.97,4,0.75,AU
11687,14.99,11,164.89,0,99998,AU
11387,14.99,5,74.95,2,2.5,AU
10442,14.99,10,149.9,5,2,AU
11350,109.99,7,769.93,1,7,AU
11680,59.99,23,1379.77,7,3.29,AU
11684,49.99,16,799.84,7,2.43,AU
11724,39.99,10,399.9,1,10,AU
11776,29.99,3,89.97,0,99998,AU
10905,59.99,0,0,0,0,AU
11369,49.99,0,0,0,0,AU
11729,49.99,6,299.94,3,2,AU
10789,34.99,5,174.95,0,99998,AU
11582,34.99,4,139.96,6,0.67,AU
11700,89.99,6,539.94,0,99998,AU
11764,7.99,10,79.9,1,10,AU
11689,59.99,15,899.85,7,2.43,AU
11832,14.99,14,209.86,0,99998,AU
11831,14.99,5,74.95,0,99998,AU
11829,29.99,6,179.94,1,6,AU
11660,79.99,47,3759.53,8,6.38,AU
10900,59.99,0,0,0,0,AU
11732,49.99,2,99.98,0,99998,AU
11052,14.99,0,0,0,0,AU
10891,11.99,0,0,0,0,AU
11804,89.99,0,0,2,0,AU
11798,74.99,3,224.97,1,3,AU
11543,89.99,3,269.97,0,99998,AU
11958,34.99,0,0,1,0,AU
11611,89.99,0,0,5,0.2,AU
11943,12.99,23,298.77,4,6.75,AU
11923,44.99,2,89.98,0,99998,AU
11924,49.99,12,599.88,1,12,AU
11904,49.99,10,499.9,3,3.33,AU
11797,8.99,9,80.91,2,4.5,AU
11705,19.99,2,39.98,2,1,AU
11937,29.99,15,449.85,9,1.67,AU
11909,59.99,5,299.95,18,0.28,AU
11953,69.99,16,1119.84,3,5.33,AU
11907,37.99,17,645.83,2,8.5,AU
11950,49.99,10,499.9,4,2.5,AU
11679,34.99,23,804.77,5,4.6,AU
11944,69.99,10,699.9,3,3.33,AU
11618,39.99,5,199.95,0,99998,AU
11902,59.99,10,599.9,0,99998,AU
18028,14.99,4,59.96,1,4,AU
11994,19.99,12,239.88,9,1.33,AU
11541,119.99,5,599.95,0,99998,AU
11903,29.99,11,329.89,0,99998,AU
12013,49.99,19,949.81,8,2.38,AU
12060,24.99,18,449.82,1,18,AU
11983,39.99,28,1119.72,6,4.67,AU
11577,199.99,2,399.98,0,99998,AU
11918,99.99,1,99.99,0,99998,AU
11917,99.99,1,99.99,0,99998,AU
11912,79.99,0,0,0,0,AU
11911,79.99,1,79.99,0,99998,AU
11914,79.99,1,79.99,0,99998,AU
11915,79.99,0,0,0,0,AU
11916,79.99,1,79.99,0,99998,AU
11913,79.99,1,79.99,0,99998,AU
11919,99.99,1,99.99,0,99998,AU
11922,99.99,0,0,0,0,AU
11920,99.99,1,99.99,0,99998,AU
11921,99.99,1,99.99,0,99998,AU
11529,14.99,18,269.82,2,9,AU
11765,7.99,9,71.91,0,99998,AU
12010,39.99,9,359.91,3,3,AU
11976,69.99,12,839.88,1,12,AU
11593,49.99,16,799.84,7,2.29,AU
11653,49.99,8,399.92,1,8,AU
11947,39.99,3,119.97,2,1.5,AU
11988,99.99,5,499.95,0,99998,AU
12105,49.99,5,249.95,3,1.67,AU
11834,59.99,0,0,0,0,AU
11707,49.99,5,249.95,0,99998,AU
12142,19.99,6,119.94,3,2,AU
12177,19.99,7,139.93,2,3.5,AU
12141,19.99,7,139.93,2,3.5,AU
12215,34.99,2,69.98,0,99998,AU
12227,79.99,2,159.98,0,99998,AU
12217,34.99,0,0,0,0,AU
10887,13.99,36,503.64,10,3.6,CA
10891,9.99,49,489.51,24,2.04,CA
11052,16.99,27,458.73,7,3.86,CA
11077,29.99,30,899.7,15,2,CA
11145,23.99,8,191.92,2,4,CA
11204,44.99,23,1034.77,11,2.36,CA
11280,44.99,27,1214.73,18,1.94,CA
10789,29.99,21,629.79,6,3.5,CA
10793,27.99,4,111.96,1,4,CA
10840,29.99,36,1079.64,16,2.25,CA
11033,27.99,44,1231.56,15,2.93,CA
10960,24.99,85,2124.15,49,1.73,CA
11252,39.99,42,1679.58,1,42,CA
11002,59.99,1,59.99,3,0.33,CA
11005,59.99,1,59.99,0,99998,CA
11417,59.99,0,0,0,0,CA
11048,59.99,8,479.92,0,99998,CA
11364,49.99,5,249.95,0,99998,CA
11369,29.99,7,209.93,5,1.4,CA
10900,49.99,16,799.84,4,4,CA
10905,39.99,2,79.98,0,99998,CA
11267,29.99,70,2099.3,53,1.32,CA
11261,29.99,1,29.99,3,0.33,CA
11387,11.99,74,887.26,25,2.96,CA
10844,16.99,72,1223.28,11,6.55,CA
10914,19.99,77,1539.23,41,1.88,CA
11411,29.99,34,1019.66,15,2.33,CA
11091,19.99,86,1719.14,13,6.62,CA
11251,15.99,91,1455.09,59,1.54,CA
11284,29.99,16,479.84,5,3.2,CA
19998,11.99,108,1294.92,66,1.65,CA
11402,14.99,284,4257.16,112,2.57,CA
10917,59.99,35,2099.65,22,1.59,CA
11445,69.99,0,0,0,0,CA
11486,24.99,54,1349.46,3,18,CA
10532,44.99,8,359.92,4,2,CA
11517,29.99,94,2819.06,48,1.98,CA
11516,21.99,69,1517.31,29,2.38,CA
11521,24.99,0,0,0,0,CA
11522,24.99,149,3723.51,156,1.02,CA
11525,69.99,82,5739.18,22,3.73,CA
11528,69.99,29,2029.71,9,3.78,CA
11341,79.99,7,559.93,3,2.33,CA
11506,34.99,10,349.9,1,10,CA
11562,29.99,30,899.7,25,1.24,CA
11534,19.99,0,0,0,0,CA
11567,34.99,77,2694.23,61,1.26,CA
11568,39.99,107,4278.93,39,2.77,CA
11168,21.99,99,2177.01,26,3.81,CA
11167,24.99,315,7871.85,103,3.31,CA
18033,29.99,3,89.97,1,3,CA
11566,34.99,333,11651.67,121,2.81,CA
11578,149.99,0,0,2,1.5,CA
11577,169.99,5,849.95,2,2.5,CA
11583,39.99,0,0,2,0,CA
11533,29.99,31,929.69,18,1.78,CA
11582,29.99,82,2459.18,40,2.05,CA
11593,34.99,20,699.8,3,6.67,CA
11572,34.99,66,2309.34,20,3.35,CA
11605,34.99,3,104.97,4,1,CA
11635,24.99,43,1074.57,26,1.65,CA
11626,34.99,37,1294.63,13,2.85,CA
11538,14.99,17,254.83,12,1.42,CA
11019,19.99,20,399.8,9,2.22,CA
11611,69.99,19,1329.81,1,19,CA
10442,14.99,69,1034.31,35,1.97,CA
11633,89.99,31,2789.69,66,0.65,CA
11354,89.99,55,4949.45,34,1.62,CA
11615,89.99,9,809.91,3,3,CA
11648,49.99,41,2049.59,11,3.73,CA
11444,14.99,17,254.83,0,99998,CA
11574,17.99,4,71.96,1,4,CA
11670,19.99,33,659.67,24,1.46,CA
11663,59.99,11,659.89,0,99998,CA
11447,44.99,43,1934.57,23,1.87,CA
11665,29.99,102,3058.98,51,2,CA
11673,59.99,28,1679.72,10,2.8,CA
11668,24.99,16,399.84,17,0.94,CA
11508,19.99,8,159.92,6,1.33,CA
11573,39.99,9,359.91,2,4.5,CA
11607,34.99,43,1504.57,30,2.1,CA
11634,38.99,0,0,21,0,CA
11529,12.99,144,1870.56,41,3.51,CA
11541,59.99,21,1259.79,2,13,CA
11543,49.99,13,649.87,8,1.75,CA
11694,37.99,10,379.9,3,3.33,CA
11689,49.99,28,1399.72,41,0.68,CA
11687,11.99,6,71.94,1,6,CA
11696,24.99,23,574.77,3,7.67,CA
11703,11.99,24,287.76,40,0.6,CA
11350,79.99,11,879.89,6,1.83,CA
11680,44.99,66,2969.34,35,1.89,CA
11684,39.99,50,1999.5,20,2.5,CA
11724,17.99,11,197.89,1,11,CA
11814,29.99,23,689.77,8,2.88,CA
11813,49.99,15,749.85,4,3.75,CA
11726,29.99,35,1049.65,10,3.5,CA
11798,49.99,43,2149.57,1,43,CA
11810,49.99,6,299.94,0,99998,CA
11804,59.99,24,1439.76,11,2.18,CA
11811,59.99,12,719.88,7,1.71,CA
11738,29.99,36,1079.64,17,2.18,CA
11776,24.99,18,449.82,5,3.6,CA
11705,19.99,9,179.91,6,1.5,CA
11700,69.99,9,629.91,0,99998,CA
11832,12.99,40,519.6,3,13.33,CA
11831,12.99,26,337.74,9,2.89,CA
11898,27.99,0,0,0,0,CA
11899,29.99,5,149.95,6,0.83,CA
11927,49.99,0,0,7,0.14,CA
11930,39.99,4,159.96,2,2,CA
11934,29.99,0,0,0,0,CA
11938,44.99,6,269.94,2,7,CA
11449,49.99,42,2099.58,21,2,CA
11660,69.99,21,1469.79,17,1.35,CA
11829,24.99,7,174.93,7,1,CA
11766,17.99,17,305.83,1,17,CA
11839,29.99,0,0,1,0,CA
11958,29.99,36,1079.64,4,9,CA
11993,54.99,12,659.88,0,99998,CA
11924,44.99,0,0,3,0,CA
11923,44.99,10,449.9,1,10,CA
11904,44.99,19,854.81,6,3.17,CA
11909,59.99,17,1019.83,10,1.7,CA
11953,59.99,28,1679.72,10,2.8,CA
11764,6.99,8,55.92,0,99998,CA
11765,6.99,14,97.86,0,99998,CA
11796,6.99,12,83.88,2,6,CA
11797,7.99,13,103.87,0,99998,CA
11908,9.99,6,59.94,1,6,CA
11925,9.99,5,49.95,0,99998,CA
11902,44.99,8,359.92,4,2,CA
11907,24.99,0,0,3,0,CA
11937,34.99,32,1119.68,27,1.26,CA
12047,44.99,13,584.87,5,2.6,CA
11669,64.99,44,2859.56,13,3.38,CA
11994,17.99,244,4389.56,78,3.14,CA
11935,69.99,4,279.96,0,99998,CA
11983,39.99,35,1399.65,16,2.19,CA
11950,44.99,35,1574.65,12,3,CA
11618,39.99,24,959.76,7,3.43,CA
11679,29.99,36,1079.64,7,5.14,CA
11944,39.99,20,799.8,21,0.95,CA
12058,24.99,5,124.95,2,2.5,CA
11967,79.99,25,1999.75,13,1.92,CA
11913,59.99,7,419.93,0,99998,CA
11911,59.99,5,299.95,1,5,CA
11912,59.99,8,479.92,0,99998,CA
11914,69.99,8,559.92,0,99998,CA
11915,69.99,7,489.93,0,99998,CA
11916,69.99,7,489.93,0,99998,CA
11729,29.99,43,1289.57,19,2.26,CA
11043,24.99,9,224.91,0,99998,CA
11947,29.99,18,539.82,8,2.38,CA
11653,39.99,60,2399.4,27,2.22,CA
12060,19.99,0,0,0,0,CA
12010,39.99,60,2399.4,38,1.61,CA
11917,69.99,9,629.91,0,99998,CA
11918,69.99,6,419.94,0,99998,CA
11919,69.99,1,69.99,2,0.5,CA
11920,79.99,12,959.88,0,99998,CA
11921,79.99,6,479.94,0,99998,CA
11922,79.99,4,319.96,0,99998,CA
12013,39.99,75,2999.25,35,2.14,CA
11903,14.99,0,0,18,0,CA
12091,34.99,9,314.91,2,4.5,CA
12092,49.99,10,499.9,2,5,CA
12093,79.99,7,559.93,3,2.33,CA
12094,69.99,11,769.89,2,5.5,CA
12095,44.99,14,629.86,1,14,CA
12096,27.99,16,447.84,3,5.33,CA
12090,39.99,2,79.98,0,99998,CA
11988,59.99,0,0,1,0,CA
11987,54.99,16,879.84,1,16,CA
11989,54.99,22,1209.78,2,11,CA
12149,39.99,9,359.91,1,9,CA
12156,39.99,10,399.9,0,99998,CA
11976,49.99,30,1499.7,6,5,CA
11707,39.99,7,279.93,1,7,CA
11834,69.99,11,769.89,1,11,CA
12105,49.99,19,949.81,3,6.33,CA
12174,79.99,6,479.94,0,99998,CA
12128,6.99,10,69.9,0,99998,CA
12129,7.99,10,79.9,0,99998,CA
12177,16.99,28,475.72,6,4.67,CA
12141,16.99,22,373.78,9,2.44,CA
12142,16.99,22,373.78,12,1.83,CA
10716,6.99,9,62.91,1,9,CA
12140,8.99,10,89.9,0,99998,CA
12166,29.99,10,299.9,0,99998,CA
11816,69.99,11,769.89,0,99998,CA
12139,7.99,10,79.9,0,99998,CA
11304,119.99,36,4319.64,0,99998,CA
11305,119.99,34,4079.66,1,34,CA
11303,119.99,19,2279.81,0,99998,CA
11298,99.99,5,499.95,0,99998,CA
11299,99.99,4,399.96,0,99998,CA
10103,99.99,0,0,0,0,CA
10887,8.99,53,476.47,15,3.53,DE
10891,5.99,111,664.89,23,4.83,DE
10786,19.99,58,1159.42,26,2.23,DE
10790,19.99,39,779.61,35,1.11,DE
10761,24.99,71,1774.29,28,2.54,DE
10958,17.99,164,2950.36,95,1.75,DE
10840,26.99,32,863.68,4,8,DE
11394,19.99,160,3198.4,57,2.82,DE
11033,24.99,21,524.79,14,1.5,DE
10960,19.99,2,39.98,20,0.1,DE
11252,39.99,36,1439.64,9,4,DE
10999,39.99,26,1039.74,7,3.71,DE
11003,49.99,17,849.83,1,17,DE
11005,49.99,9,449.91,16,0.56,DE
11340,59.99,0,0,11,0,DE
11363,34.99,93,3254.07,50,1.86,DE
10965,19.99,15,299.85,3,5,DE
10901,34.99,14,489.86,7,2,DE
11262,21.99,257,5651.43,109,2.45,DE
11181,19.99,104,2078.96,47,2.21,DE
11387,8.99,106,952.94,47,2.28,DE
10844,14.99,70,1049.3,9,7.78,DE
11168,16.99,287,4876.13,133,2.4,DE
10914,14.99,131,1963.69,33,3.97,DE
11167,19.99,489,9775.11,254,2.05,DE
11411,17.99,44,791.56,25,1.8,DE
11091,14.99,100,1499,33,3.03,DE
11251,9.99,63,629.37,30,2.13,DE
11284,19.99,67,1339.33,23,2.91,DE
19998,6.99,119,831.81,88,1.26,DE
11402,9.99,304,3036.96,126,2.56,DE
11420,49.99,7,349.93,3,2.33,DE
11415,59.99,19,1139.81,8,2.38,DE
18010,9.99,8,79.92,7,1.14,DE
11517,24.99,161,4023.39,26,6.19,DE
11516,16.99,89,1512.11,34,2.62,DE
11484,17.99,124,2230.76,20,6.2,DE
11521,17.99,11,197.89,67,0.16,DE
11522,24.99,510,12744.9,246,2.2,DE
11526,34.99,102,3568.98,52,1.96,DE
11523,44.99,176,7918.24,179,1.1,DE
11503,29.99,26,779.74,17,1.53,DE
11534,17.99,49,881.51,16,3.06,DE
11533,19.99,47,939.53,23,2.04,DE
11562,19.99,45,899.55,25,1.8,DE
11567,29.99,105,3148.95,56,1.88,DE
11568,27.99,39,1091.61,29,1.38,DE
18028,9.99,13,129.87,6,2.17,DE
11351,29.99,101,3028.99,45,2.24,DE
18033,29.99,9,269.91,3,3,DE
11381,39.99,16,639.84,24,0.67,DE
11341,59.99,6,359.94,4,1.5,DE
11582,21.99,29,637.71,15,1.93,DE
11593,24.99,60,1499.4,21,2.86,DE
11572,27.99,115,3218.85,36,3.19,DE
11417,59.99,3,179.97,0,99998,DE
11577,149.99,4,599.96,0,99998,DE
11578,119.99,4,479.96,1,4,DE
11052,9.99,37,369.63,4,9.25,DE
11525,39.99,28,1119.72,12,2.33,DE
10789,19.99,22,439.78,1,22,DE
10917,59.99,18,1079.82,2,9,DE
11048,49.99,7,349.93,2,3.5,DE
11364,39.99,29,1159.71,0,99998,DE
11019,19.99,26,519.74,2,13,DE
11471,24.99,268,6697.32,280,0.96,DE
11606,29.99,41,1229.59,69,0.59,DE
11604,24.99,3,74.97,15,0.2,DE
11624,29.99,12,359.88,16,0.75,DE
11635,16.99,130,2208.7,28,4.68,DE
11353,64.99,123,7993.77,41,3,DE
11610,59.99,132,7918.68,33,4,DE
11612,74.99,275,20622.25,185,1.58,DE
11538,12.99,39,506.61,9,4.33,DE
11647,39.99,0,0,16,0,DE
11649,44.99,205,9222.95,107,2.09,DE
10442,11.99,83,995.17,41,2.02,DE
11626,29.99,17,509.83,4,4.25,DE
18026,9.99,7,69.93,3,2.33,DE
11620,49.99,40,1999.6,22,1.82,DE
11419,19.99,52,1039.48,28,1.86,DE
11671,14.99,88,1319.12,36,3,DE
18025,9.99,8,79.92,7,1.14,DE
11444,9.99,43,429.57,5,8.6,DE
11574,9.99,71,709.29,25,2.84,DE
11611,49.99,17,849.83,6,2.83,DE
11077,17.99,220,3957.8,27,8.52,DE
11354,69.99,8,559.92,4,2,DE
11456,34.99,38,1329.62,27,1.41,DE
11666,19.99,209,4177.91,163,1.28,DE
11449,34.99,4,139.96,5,0.8,DE
11447,34.99,117,4093.83,67,1.75,DE
11673,39.99,24,959.76,7,3.43,DE
11529,6.79,186,1262.94,97,2.07,DE
11573,34.99,24,839.76,3,8,DE
11489,54.99,6,329.94,0,99998,DE
11569,24.99,18,449.82,32,0.56,DE
11608,27.99,169,4730.31,88,2.06,DE
11634,29.99,0,0,0,0,DE
11713,34.99,145,5073.55,70,2.07,DE
11541,29.99,7,209.93,4,1.75,DE
11543,39.99,26,1039.74,13,2,DE
11145,14.99,41,614.59,19,2.16,DE
11367,24.99,11,274.89,3,3.67,DE
18040,9.99,6,59.94,0,99998,DE
18038,9.99,6,59.94,0,99998,DE
18037,9.99,0,0,3,0,DE
10793,19.99,0,0,0,0,DE
11528,34.99,11,384.89,3,3.67,DE
11615,69.99,7,489.93,1,7,DE
11665,19.99,31,619.69,1,31,DE
10532,39.99,10,399.9,4,2.5,DE
11689,34.99,12,419.88,7,1.71,DE
11648,44.99,17,764.83,0,99998,DE
11633,79.99,5,399.95,1,5,DE
11486,17.99,21,377.79,6,3.5,DE
11267,24.99,12,299.88,2,6,DE
11261,24.99,0,0,0,0,DE
11607,29.99,15,449.85,3,5,DE
11690,29.99,77,2309.23,41,1.88,DE
11687,8.99,35,314.65,0,99998,DE
11507,19.99,0,0,16,0,DE
11699,17.99,85,1529.15,19,4.47,DE
11703,9.99,222,2217.78,125,1.93,DE
11681,39.99,0,0,4,0,DE
11685,34.99,143,5003.57,105,1.32,DE
11724,14.99,37,554.63,5,7.4,DE
11349,49.99,1,49.99,29,0.03,DE
11725,19.99,56,1119.44,20,2.8,DE
11728,24.99,65,1624.35,16,4.06,DE
11729,19.99,6,119.94,1,6,DE
11605,29.99,9,269.91,1,9,DE
11041,24.99,12,299.88,0,99998,DE
11277,34.99,12,419.88,0,99998,DE
11847,24.99,13,324.87,0,99998,DE
11737,24.99,133,3323.67,44,3.02,DE
18043,34.99,1,34.99,1,1,DE
18055,34.99,0,0,0,0,DE
18046,9.99,5,49.95,3,1.67,DE
18047,9.99,0,0,0,0,DE
18049,9.99,0,0,0,0,DE
11778,16.99,0,0,0,0,DE
11204,34.99,9,314.91,2,4.5,DE
11881,19.99,0,0,0,0,DE
11875,19.99,16,319.84,1,16,DE
11897,29.99,2,59.98,0,99998,DE
11886,29.99,5,149.95,0,99998,DE
10818,34.99,18,629.82,9,2,DE
11701,49.99,0,0,17,0,DE
11765,3.99,17,67.83,3,5.67,DE
11790,14.99,61,914.39,36,1.69,DE
11705,16.99,43,730.57,8,5.38,DE
11796,4.99,18,89.82,0,99998,DE
11797,4.99,17,84.83,3,5.67,DE
10896,34.99,9,314.91,3,3,DE
11672,16.99,159,2701.41,119,1.41,DE
11832,8.99,40,359.6,10,4,DE
11831,9.99,46,459.54,20,2.3,DE
11863,19.99,24,479.76,2,12,DE
11869,19.99,2,39.98,1,2,DE
11892,24.99,4,99.96,0,99998,DE
11726,19.99,9,179.91,1,9,DE
11738,19.99,6,119.94,1,6,DE
11663,49.99,8,399.92,2,4,DE
11684,34.99,43,1504.57,11,4,DE
11445,59.99,1,59.99,0,99998,DE
11280,34.99,10,349.9,0,99998,DE
11369,24.99,6,149.94,0,99998,DE
10900,34.99,11,384.89,1,11,DE
11506,29.99,17,509.83,0,99998,DE
11696,17.99,3,53.97,0,99998,DE
11002,49.99,2,99.98,4,0.5,DE
11776,17.99,20,359.8,3,6.67,DE
11694,24.99,12,299.88,0,99998,DE
11422,49.99,13,649.87,1,13,DE
11062,39.99,2,79.98,0,99998,DE
11350,49.99,0,0,2,0,DE
11791,19.99,3,59.97,0,99998,DE
11862,19.99,0,0,0,0,DE
11868,19.99,0,0,0,0,DE
11889,14.99,5,74.95,2,2.5,DE
11895,29.99,6,179.94,0,99998,DE
11890,29.99,10,299.9,1,10,DE
11873,9.99,10,99.9,0,99998,DE
11872,19.99,7,139.93,1,7,DE
11874,19.99,6,119.94,0,99998,DE
11700,49.99,8,399.92,3,2.67,DE
11878,19.99,10,199.9,2,5,DE
11879,14.99,18,269.82,0,99998,DE
11929,29.99,10,299.9,1,10,DE
11805,24.99,39,974.61,14,2.79,DE
11799,24.99,46,1149.54,9,5.11,DE
11829,22.99,9,206.91,10,0.9,DE
11810,34.99,4,139.96,1,4,DE
11811,49.99,7,349.93,1,7,DE
11804,39.99,7,279.93,0,99998,DE
11798,34.99,4,139.96,0,99998,DE
11766,19.99,12,239.88,3,4,DE
11860,19.99,12,239.88,1,12,DE
11861,9.99,5,49.95,1,5,DE
11866,19.99,10,199.9,0,99998,DE
11896,24.99,9,224.91,1,9,DE
11931,14.99,8,119.92,0,99998,DE
11761,39.99,5,199.95,3,1.67,DE
11762,34.99,6,209.94,0,99998,DE
11767,44.99,1,44.99,3,0.33,DE
11884,29.99,0,0,0,0,DE
11964,19.99,17,339.83,0,99998,DE
11965,29.99,4,119.96,0,99998,DE
11966,29.99,10,299.9,1,10,DE
11867,14.99,10,149.9,0,99998,DE
11660,59.99,11,659.89,3,3.67,DE
11680,34.99,24,839.76,10,2.4,DE
11841,24.99,49,1224.51,26,1.88,DE
11839,29.99,8,239.92,1,8,DE
11958,16.99,9,152.91,0,99998,DE
11923,29.99,31,929.69,13,2.38,DE
11924,29.99,38,1139.62,9,4.22,DE
11904,34.99,14,489.86,0,99998,DE
11837,12.99,68,883.32,22,3.09,DE
11943,7.99,32,255.68,18,1.78,DE
11996,29.99,8,239.92,2,4,DE
11997,19.99,0,0,0,0,DE
11760,29.99,7,209.93,3,2.33,DE
11909,39.99,7,279.93,7,1,DE
11953,39.99,15,599.85,4,3.75,DE
11925,9.99,0,0,0,0,DE
11908,9.99,23,229.77,0,99998,DE
11907,19.99,17,339.83,4,4.25,DE
11937,24.99,143,3573.57,132,1.11,DE
11928,29.99,11,329.89,0,99998,DE
11999,34.99,1,34.99,0,99998,DE
11998,29.99,1,29.99,3,0.33,DE
11202,34.99,28,979.72,1,28,DE
11670,17.99,13,233.87,1,13,DE
11993,49.99,13,649.87,0,99998,DE
11659,99.99,6,599.94,8,0.75,DE
11935,29.99,4,119.96,6,0.67,DE
11669,49.99,5,249.95,1,5,DE
11900,49.99,156,7798.44,82,2.1,DE
11946,29.99,96,2879.04,33,2.91,DE
11786,19.99,85,1699.15,16,5.31,DE
11994,12.99,239,3104.61,110,2.1,DE
11619,29.99,48,1439.52,14,3.43,DE
11944,29.99,22,659.78,12,1.83,DE
11618,34.99,21,734.79,0,99998,DE
11902,39.99,6,239.94,1,6,DE
11679,19.99,18,359.82,2,9,DE
11950,27.99,24,671.76,8,3,DE
11949,29.99,105,3148.95,28,3.75,DE
11947,29.99,19,569.81,0,99998,DE
11968,59.99,77,4619.23,25,3.08,DE
11960,24.99,111,2773.89,44,2.52,DE
11653,33.99,26,883.74,2,13,DE
12013,34.99,74,2589.26,42,1.76,DE
11983,29.99,77,2309.23,33,2.33,DE
10910,29.99,2,59.98,0,99998,DE
12060,17.99,45,809.55,8,5.63,DE
12063,29.99,19,569.81,0,99998,DE
12112,34.99,4,139.96,5,0.8,DE
11903,9.99,120,1198.8,49,2.45,DE
12126,19.99,8,159.92,2,4,DE
12125,9.99,12,119.88,3,4,DE
11988,89.99,5,449.95,0,99998,DE
11989,49.99,4,199.96,0,99998,DE
12136,29.99,7,209.93,0,99998,DE
12113,49.99,12,599.88,0,99998,DE
11992,39.99,45,1799.55,27,1.67,DE
12137,9.99,8,79.92,0,99998,DE
11987,84.99,5,424.95,0,99998,DE
12152,29.99,5,149.95,0,99998,DE
12153,49.99,6,299.94,1,6,DE
12155,29.99,10,299.9,0,99998,DE
12159,29.99,5,149.95,0,99998,DE
12160,24.99,0,0,0,0,DE
12162,29.99,1,29.99,1,1,DE
11976,49.99,33,1649.67,1,33,DE
12011,29.99,39,1169.61,31,1.26,DE
11952,26.99,87,2348.13,24,3.63,DE
11834,49.99,8,399.92,0,99998,DE
11707,39.99,19,759.81,1,19,DE
11764,4.99,17,84.83,0,99998,DE
11833,39.99,69,2759.31,19,3.63,DE
12105,34.99,3,104.97,2,1.5,DE
11656,19.99,38,759.62,0,99998,DE
11835,24.99,34,849.66,3,11.33,DE
12129,3.99,8,31.92,1,8,DE
12128,3.99,10,39.9,0,99998,DE
11318,34.99,12,419.88,0,99998,DE
12141,14.99,36,539.64,12,3,DE
12177,14.99,11,164.89,4,3,DE
12142,14.99,48,719.52,6,8,DE
11319,64.99,10,649.9,2,5,DE
10887,5.99,35,209.65,7,5,ES
10891,5.99,18,107.82,12,1.5,ES
11077,17.99,45,809.55,33,1.36,ES
10788,22.99,49,1126.51,21,2.33,ES
11288,34.99,1,34.99,8,0.13,ES
11387,9.99,59,589.41,34,1.74,ES
10844,16.99,9,152.91,8,1.13,ES
11168,16.99,387,6575.13,295,1.25,ES
10914,19.99,22,439.78,18,1.22,ES
11167,19.99,310,6196.9,223,1.34,ES
11284,19.99,19,379.81,7,2.71,ES
11091,16.99,22,373.78,5,4.4,ES
11251,12.99,106,1376.94,29,3.66,ES
19998,6.99,55,384.45,38,1.45,ES
11411,19.99,59,1179.41,24,2.46,ES
11263,24.99,142,3548.58,110,1.54,ES
11182,24.99,71,1774.29,74,0.97,ES
11516,15.99,74,1183.26,55,1.36,ES
11517,24.99,161,4023.39,175,0.9,ES
11521,24.99,0,0,27,0,ES
11522,21.99,115,2528.85,57,2.02,ES
11534,16.99,35,594.65,11,3.18,ES
11533,19.99,36,719.64,6,6,ES
11562,19.99,77,1539.23,11,7,ES
11567,29.99,48,1439.52,46,1.04,ES
11568,34.99,15,524.85,7,2.14,ES
11575,49.99,59,2949.41,66,0.89,ES
11595,13.99,136,1902.64,56,2.45,ES
11582,24.99,33,824.67,23,1.43,ES
11402,13.99,190,2658.1,137,1.49,ES
11572,27.99,62,1735.38,17,3.65,ES
18010,9.99,4,39.96,1,4,ES
18028,9.99,4,39.96,2,2,ES
11630,49.99,34,1699.66,4,8.5,ES
11019,14.99,4,59.96,19,0.21,ES
11635,19.99,66,1319.34,23,2.87,ES
11614,64.99,22,1429.78,12,1.83,ES
11545,19.99,116,2318.84,50,2.32,ES
11538,15.99,26,415.74,15,1.73,ES
10442,11.99,58,695.42,23,2.52,ES
11052,9.99,16,159.84,1,16,ES
18026,9.99,3,29.97,1,3,ES
11444,11.99,17,203.83,1,17,ES
11574,14.99,17,254.83,6,2.83,ES
18025,9.99,4,39.96,2,2,ES
11447,34.99,25,874.75,11,2.27,ES
11449,39.99,30,1199.7,11,2.73,ES
11458,29.99,132,3958.68,58,2.28,ES
11712,34.99,22,769.78,4,5.5,ES
11709,15.99,104,1662.96,53,1.96,ES
11529,9.99,35,349.65,14,2.5,ES
11596,44.99,30,1349.7,5,6,ES
11573,29.99,3,89.97,13,0.23,ES
11634,39.99,0,0,25,0.04,ES
11705,16.99,20,339.8,0,99998,ES
11687,9.99,78,779.22,5,15.6,ES
11510,24.99,30,749.7,1,30,ES
11703,12.99,165,2143.35,47,3.51,ES
11748,17.99,46,827.54,24,1.96,ES
11724,11.99,6,71.94,2,3,ES
11818,29.99,30,899.7,12,2.5,ES
11771,14.99,41,614.59,5,8.2,ES
11715,39.99,133,5318.67,155,0.81,ES
11636,54.99,54,2969.46,34,1.59,ES
11819,44.99,12,539.88,19,0.63,ES
11711,15.99,8,127.92,27,0.3,ES
10792,19.99,0,0,0,0,ES
11751,79.99,28,2239.72,26,1.08,ES
11419,17.99,11,197.89,5,2.2,ES
11851,22.99,17,390.83,7,2.43,ES
11852,64.99,5,324.95,0,99998,ES
11856,19.99,3,59.97,1,21,ES
11857,19.99,9,179.91,5,1.8,ES
11888,14.99,5,74.95,5,1,ES
11290,34.99,16,559.84,4,4,ES
11854,39.99,15,599.85,4,3.75,ES
11855,34.99,4,139.96,1,4,ES
10898,31.99,20,639.8,2,10,ES
11372,22.99,19,436.81,0,99998,ES
11765,5.99,3,17.97,0,99998,ES
11764,5.99,1,5.99,0,99998,ES
11796,5.99,3,17.97,0,99998,ES
11797,6.99,5,34.95,0,99998,ES
11832,11.99,12,143.88,3,4,ES
11831,11.99,16,191.84,2,8,ES
10903,31.99,18,575.82,0,99998,ES
18043,29.99,0,0,0,0,ES
18055,29.99,0,0,0,0,ES
18047,9.99,0,0,0,0,ES
18046,9.99,5,49.95,0,99998,ES
18037,8.99,4,35.96,0,99998,ES
18038,8.99,2,17.98,0,99998,ES
18040,8.99,5,44.95,0,99998,ES
11145,15.99,5,79.95,5,1,ES
11766,17.99,6,107.94,0,99998,ES
11859,19.99,16,319.84,3,5.33,ES
11865,19.99,1,19.99,3,0.33,ES
11894,19.99,18,359.82,2,9,ES
11933,19.99,14,279.86,0,99998,ES
11982,49.99,0,0,2,0,ES
11806,52.99,13,688.87,7,1.86,ES
11823,39.99,38,1519.62,53,0.72,ES
11590,54.99,62,3409.38,29,2.14,ES
11800,39.99,18,719.82,2,9,ES
11979,39.99,26,1039.74,1,26,ES
11904,34.99,4,139.96,2,2,ES
11923,34.99,8,279.92,0,99998,ES
11924,39.99,5,199.95,0,99998,ES
11723,16.99,34,577.66,20,1.7,ES
11943,9.99,5,49.95,2,2.5,ES
11925,5.99,0,0,0,0,ES
11908,9.99,3,29.97,0,99998,ES
11907,22.99,7,160.93,1,7,ES
11995,44.99,27,1214.73,2,13.5,ES
11937,26.99,23,620.77,44,0.52,ES
11909,34.99,0,0,21,0,ES
11994,13.99,331,4630.69,30,11.03,ES
11846,22.99,24,551.76,4,6,ES
11618,29.99,2,59.98,3,0.67,ES
11983,29.99,22,659.78,14,1.57,ES
12013,34.99,26,909.74,5,5.2,ES
11903,9.99,10,99.9,5,2,ES
12060,16.99,7,118.93,4,1.75,ES
11957,9.99,45,449.55,46,1.15,ES
11289,34.99,3,104.97,1,3,ES
12076,24.99,34,849.66,8,4.25,ES
12081,14.99,46,689.54,25,1.84,ES
12154,39.99,6,239.94,0,99998,ES
12161,39.99,9,359.91,0,99998,ES
12109,24.99,52,1299.48,31,1.68,ES
12129,5.99,5,29.95,0,99998,ES
12128,5.99,5,29.95,0,99998,ES
12142,14.99,26,389.74,13,2,ES
12141,14.99,26,389.74,13,2,ES
12177,14.99,31,464.69,10,3.1,ES
10887,11.99,39,467.61,5,7.8,FR
10891,6.99,54,377.46,42,1.29,FR
11052,10.99,44,483.56,16,2.75,FR
11077,19.99,161,3218.39,28,5.75,FR
11145,16.99,25,424.75,6,4.17,FR
10787,27.99,16,447.84,3,5.33,FR
10645,24.99,64,1599.36,19,3.37,FR
10959,19.99,171,3418.29,66,2.59,FR
11004,49.99,67,3349.33,20,3.35,FR
11387,9.99,56,559.44,14,4,FR
11168,16.99,120,2038.8,47,2.57,FR
10844,17.99,53,953.47,36,1.53,FR
11167,21.99,329,7234.71,159,2.22,FR
10914,19.99,31,619.69,0,99998,FR
11091,17.9,133,2380.7,54,2.46,FR
11251,14.99,195,2923.05,117,2.09,FR
11284,21.99,71,1561.29,13,5.46,FR
19998,6.99,144,1006.56,54,2.7,FR
11411,21.99,30,659.7,20,1.65,FR
11402,12.99,55,714.45,29,1.9,FR
18010,10.99,1,10.99,2,0.5,FR
11516,19.99,106,2118.94,25,4.28,FR
11517,24.99,197,4923.03,26,7.58,FR
11521,16.99,0,0,0,0,FR
11522,24.99,241,6022.59,97,2.93,FR
11534,19.99,0,0,10,0,FR
11533,24.99,14,349.86,0,99998,FR
11560,49.99,62,3099.38,30,2.07,FR
11563,12.99,30,389.7,17,1.76,FR
11562,23.99,21,503.79,0,99998,FR
11567,29.99,51,1529.49,24,2.13,FR
11568,34.99,14,489.86,8,1.75,FR
18028,10.99,2,21.98,2,5,FR
11582,24.99,44,1099.56,2,22,FR
11572,26.99,72,1943.28,36,2.06,FR
11571,24.99,0,0,0,0,FR
11364,39.99,2,79.98,0,99998,FR
11639,39.99,46,1839.54,48,0.96,FR
11627,29.99,53,1589.47,10,5.3,FR
11635,19.99,78,1559.22,9,8.67,FR
11428,69.99,38,2659.62,18,2.11,FR
11504,29.99,0,0,0,0,FR
11538,14.99,8,119.92,9,5.33,FR
10442,10.99,35,384.65,14,2.5,FR
11652,21.99,89,1957.11,19,4.68,FR
11601,24.99,47,1174.53,29,1.66,FR
18026,10.99,2,21.98,0,99998,FR
18025,10.99,2,21.98,0,99998,FR
11588,49.99,79,3949.21,48,1.65,FR
11447,39.99,39,1559.61,13,3,FR
11449,39.99,14,559.86,5,2.8,FR
11472,29.99,180,5398.2,136,1.37,FR
11573,37.99,13,493.87,0,99998,FR
11634,29.99,0,0,6,0,FR
10897,39.99,15,599.85,0,99998,FR
11529,9.99,42,419.58,7,6,FR
11716,44.99,172,7738.28,118,1.72,FR
11687,9.99,37,369.63,0,99998,FR
11703,10.99,0,0,50,0.02,FR
11710,24.99,80,1999.2,32,2.5,FR
11704,34.99,83,2904.17,19,4.37,FR
11724,29.99,4,119.96,0,99998,FR
11759,21.99,131,2880.69,41,3.2,FR
11826,69.99,18,1259.82,4,4.5,FR
11825,44.99,17,764.83,8,2.13,FR
11821,39.99,7,279.93,15,0.47,FR
11605,34.99,7,244.93,1,7,FR
11278,34.99,10,349.9,1,10,FR
10791,24.99,0,0,0,0,FR
11752,79.99,82,6559.18,41,2,FR
11754,29.99,61,1829.39,27,2.26,FR
11042,24.99,0,0,0,0,FR
11850,24.99,32,799.68,8,4,FR
11419,19.99,43,859.57,0,99998,FR
10902,39.99,16,639.84,0,99998,FR
11370,14.99,8,119.92,11,0.73,FR
11705,16.99,12,203.88,6,2,FR
11765,4.99,3,14.97,2,1.5,FR
11796,5.99,13,77.87,0,99998,FR
11797,5.99,13,77.87,0,99998,FR
11831,10.99,16,175.84,0,99998,FR
11832,10.99,30,329.7,0,99998,FR
10967,29.99,5,149.95,6,0.83,FR
11642,49.99,86,4299.14,26,3.31,FR
11830,44.99,17,764.83,57,0.3,FR
18047,10.99,6,65.94,0,99998,FR
18046,10.99,5,54.95,0,99998,FR
18038,10.99,2,21.98,2,1,FR
18037,10.99,6,65.94,1,6,FR
18049,10.99,1,10.99,0,99998,FR
18040,10.99,4,43.96,0,99998,FR
18043,34.99,0,0,0,0,FR
18055,34.99,0,0,0,0,FR
11928,34.99,8,279.92,0,99998,FR
11887,24.99,13,324.87,0,99998,FR
11876,24.99,19,474.81,1,19,FR
11870,24.99,9,224.91,1,9,FR
11882,29.99,4,119.96,5,1.8,FR
11883,24.99,5,124.95,0,99998,FR
11962,29.99,2,59.98,8,0.25,FR
11963,34.99,4,139.96,1,4,FR
18020,10.99,3,32.97,0,99998,FR
11766,19.99,4,79.96,0,99998,FR
11416,49.99,22,1099.78,16,1.38,FR
11973,49.99,10,499.9,0,99998,FR
11452,39.99,14,559.86,3,4.67,FR
11961,44.99,8,359.92,9,0.89,FR
11893,29.99,8,239.92,0,99998,FR
11864,21.99,19,417.81,0,99998,FR
11858,24.99,19,474.81,1,19,FR
11019,34.99,10,349.9,1,10,FR
11972,24.99,6,149.94,9,2.89,FR
11798,34.99,7,244.93,2,3.5,FR
11801,39.99,5,199.95,1,5,FR
11807,49.99,12,599.88,3,4,FR
11978,34.99,5,174.95,3,1.67,FR
11904,34.99,10,349.9,1,10,FR
11923,34.99,5,174.95,1,5,FR
11924,39.99,9,359.91,0,99998,FR
11936,14.99,0,0,14,0,FR
11943,9.99,5,49.95,0,99998,FR
11925,14.99,0,0,2,0,FR
11908,10.99,2,21.98,0,99998,FR
11907,24.99,20,499.8,0,99998,FR
11980,44.99,7,314.93,0,99998,FR
11937,21.99,15,329.85,12,1.25,FR
11264,24.99,42,1049.58,22,1.91,FR
12056,34.99,9,314.91,2,4.5,FR
11994,12.99,60,779.4,47,1.28,FR
12061,24.99,18,449.82,0,99998,FR
12062,29.99,19,569.81,2,9.5,FR
12065,14.99,39,584.61,0,99998,FR
12013,34.99,58,2029.42,23,2.52,FR
11983,29.99,77,2309.23,28,2.75,FR
11903,24.99,10,249.9,0,99998,FR
11764,5.99,5,29.95,0,99998,FR
12060,19.99,0,0,9,0,FR
12059,29.99,28,839.72,6,4.67,FR
12087,49.99,150,7498.5,104,1.53,FR
12110,19.99,61,1219.39,16,3.81,FR
12158,29.99,5,149.95,1,5,FR
12157,44.99,5,224.95,0,99998,FR
12150,34.99,10,349.9,0,99998,FR
12151,29.99,12,359.88,0,99998,FR
12067,34.99,59,2064.41,2,29.5,FR
11956,24.99,26,649.74,0,99998,FR
12114,29.99,38,1139.62,0,99998,FR
12120,29.99,71,2129.29,5,14.2,FR
12129,4.99,14,69.86,0,99998,FR
12128,4.99,15,74.85,0,99998,FR
11824,34.99,39,1364.61,0,99998,FR
11313,29.99,20,599.8,0,99998,FR
11307,29.99,20,599.8,0,99998,FR
11308,34.99,15,524.85,1,15,FR
11311,49.99,5,249.95,0,99998,FR
11317,64.99,9,584.91,3,3,FR
11312,64.99,18,1169.82,0,99998,FR
12141,17.99,6,107.94,2,3,FR
12177,17.99,5,89.95,2,2.5,FR
12142,17.99,9,161.91,1,9,FR
11932,29.99,0,0,0,0,FR
11203,34.99,18,629.82,1,18,FR
12107,24.99,20,499.8,0,99998,FR
11310,39.99,0,0,0,0,FR
11309,39.99,4,159.96,0,99998,FR
10891,8.99,19,170.81,3,6.33,IT
10887,6.99,7,48.93,8,0.88,IT
11077,18.99,20,379.8,20,1,IT
11145,15.99,13,207.87,15,0.87,IT
11017,22.99,103,2367.97,54,1.91,IT
11018,24.99,0,0,0,0,IT
11002,39.99,4,159.96,5,0.8,IT
11287,29.99,34,1019.66,16,2.13,IT
11265,26.99,138,3724.62,91,1.61,IT
11258,24.99,82,2049.18,69,1.19,IT
11387,9.99,52,519.48,24,2.17,IT
10844,19.99,17,339.83,10,1.7,IT
11168,16.99,184,3126.16,87,2.32,IT
10914,14.99,9,134.91,12,0.75,IT
11167,19.99,127,2538.73,65,1.95,IT
11091,16.99,31,526.69,14,2.21,IT
11284,19.99,44,879.56,11,4,IT
19998,8.99,90,809.1,31,2.9,IT
11411,19.99,25,499.75,25,1,IT
11402,12.99,270,3507.3,112,2.79,IT
11417,44.99,1,44.99,0,99998,IT
11512,19.99,243,4857.57,160,1.63,IT
11516,16.99,94,1597.06,40,2.38,IT
11517,24.99,94,2349.06,59,1.59,IT
11521,18.99,0,0,5,0,IT
11522,22.99,124,2850.76,39,3.21,IT
18010,10.99,3,32.97,2,1.5,IT
11534,17.99,0,0,11,0,IT
11562,16.99,30,509.7,11,2.82,IT
11568,34.99,23,804.77,15,1.53,IT
11567,29.99,56,1679.44,40,1.4,IT
11576,44.99,81,3644.19,22,3.68,IT
11048,49.99,1,49.99,22,0.05,IT
11251,12.99,24,311.76,6,4,IT
11582,24.99,17,424.83,6,2.83,IT
10917,59.99,37,2219.63,12,3.08,IT
11533,19.99,9,179.91,4,2.25,IT
11572,24.99,63,1574.37,53,1.19,IT
11052,10.99,21,230.79,7,3,IT
11632,16.99,52,883.48,12,4.33,IT
11631,49.99,12,599.88,6,2,IT
11577,119.99,2,239.98,1,2,IT
11578,119.99,3,359.97,0,99998,IT
11019,14.99,10,149.9,9,1.11,IT
11628,29.99,23,689.77,9,2.56,IT
11635,22.99,60,1379.4,23,2.61,IT
11621,26.99,0,0,0,0,IT
11613,59.99,44,2639.56,4,11,IT
11651,39.99,0,0,5,0,IT
11546,22.99,156,3586.44,92,1.91,IT
10442,11.99,151,1810.49,38,3.97,IT
11643,17.99,74,1331.26,17,4.35,IT
11538,14.99,42,629.58,13,3.23,IT
18026,10.99,4,43.96,1,4,IT
18025,10.99,2,21.98,2,1,IT
11444,13.99,8,111.92,0,99998,IT
11574,13.99,46,643.54,9,5.11,IT
11589,24.99,79,1974.21,39,2.03,IT
11256,29.99,0,0,52,0,IT
11447,34.99,42,1469.58,12,3.5,IT
11449,39.99,17,679.83,15,1.13,IT
11498,34.99,27,944.73,20,1.35,IT
11451,24.99,51,1274.49,7,7.29,IT
11529,10.99,152,1670.48,57,2.67,IT
11573,32.99,15,494.85,4,3.75,IT
11714,34.99,83,2904.17,87,0.91,IT
11634,34.99,0,0,25,0,IT
10964,39.99,30,1199.7,0,99998,IT
11597,39.99,22,879.78,2,11,IT
11687,9.99,87,869.13,13,6.69,IT
11705,17.99,8,143.92,6,1.33,IT
11697,19.99,65,1299.35,27,2.41,IT
11629,29.99,307,9206.93,221,1.4,IT
11693,15.99,91,1455.09,54,1.69,IT
11703,14.99,201,3012.99,49,4.12,IT
18037,10.99,0,0,0,0,IT
18040,9.99,4,39.96,2,2,IT
18038,9.99,0,0,2,0,IT
11724,11.99,16,191.84,4,4,IT
11757,16.99,97,1648.03,152,0.74,IT
11770,17.99,14,251.86,9,1.56,IT
11817,52.99,27,1430.73,26,1.08,IT
11820,44.99,0,0,23,0,IT
11457,59.99,71,4259.29,58,1.22,IT
11292,34.99,35,1224.65,7,5,IT
11845,24.99,13,324.87,0,99998,IT
11849,23.99,36,863.64,15,2.4,IT
11419,14.99,41,614.59,3,13.67,IT
11787,27.99,54,1511.46,37,1.46,IT
11822,34.99,54,1889.46,60,0.92,IT
10961,39.99,22,879.78,0,99998,IT
11371,19.99,26,519.74,0,99998,IT
11765,4.99,5,24.95,0,99998,IT
11764,5.99,2,11.98,1,2,IT
11796,5.99,5,29.95,0,99998,IT
11797,7.99,4,31.96,0,99998,IT
11831,10.99,75,824.25,5,15,IT
11832,10.99,10,109.9,3,3.33,IT
11655,49.99,9,449.91,2,4.5,IT
11766,19.99,11,219.89,0,99998,IT
11803,24.99,9,224.91,2,4.5,IT
11977,24.99,18,449.82,0,99998,IT
11809,29.99,16,479.84,0,99998,IT
11981,29.99,14,419.86,1,14,IT
11842,13.99,103,1440.97,136,0.78,IT
11904,34.99,4,139.96,3,1.33,IT
11923,34.99,8,279.92,1,8,IT
11924,39.99,7,279.93,0,99998,IT
11926,24.99,61,1524.39,40,1.53,IT
11943,9.99,13,129.87,1,13,IT
11907,24.99,5,124.95,0,99998,IT
11925,5.99,0,0,3,0,IT
11908,12.99,4,51.96,0,99998,IT
11937,22.99,78,1793.22,10,7.8,IT
11291,34.99,16,559.84,12,1.33,IT
11994,13.99,188,2630.12,55,3.42,IT
11618,29.99,4,119.96,0,99998,IT
11983,29.99,189,5668.11,80,2.37,IT
12013,34.99,41,1434.59,15,2.73,IT
11903,10.99,36,395.64,36,1,IT
12060,16.99,5,84.95,4,1.25,IT
12068,34.99,62,2169.38,37,1.7,IT
12075,34.99,79,2764.21,35,2.26,IT
12064,19.99,66,1319.34,30,2.2,IT
11955,16.99,43,730.57,19,2.26,IT
12116,29.99,71,2129.29,40,1.78,IT
12121,24.99,10,249.9,5,2,IT
12128,5.99,5,29.95,0,99998,IT
12129,5.99,4,23.96,0,99998,IT
12142,14.99,6,89.94,7,0.86,IT
12141,14.99,34,509.66,9,3.78,IT
12177,14.99,37,554.63,10,3.7,IT
11276,4499,0,0,0,0,JP
11204,4999,10,49990,7,1.43,JP
11280,4999,10,49990,0,99998,JP
11281,3999,0,0,0,0,JP
10917,6499,18,116982,10,1.8,JP
10789,2999,15,44985,11,1.36,JP
10793,3499,20,69980,0,99998,JP
10840,3499,11,38489,12,0.92,JP
11033,2999,14,41986,6,2.33,JP
10960,2499,22,54978,11,2,JP
11252,4499,20,89980,7,2.86,JP
11002,4999,16,79984,10,1.6,JP
11005,4499,0,0,15,0,JP
11417,4999,0,0,0,0,JP
11048,5499,5,27495,1,5,JP
11341,6999,9,62991,0,99998,JP
11364,5499,5,27495,0,99998,JP
10900,4999,13,64987,7,1.86,JP
11267,3499,40,139960,20,2,JP
11261,3499,16,55984,5,3.2,JP
11387,1199,45,53955,12,3.75,JP
10844,2299,33,75867,6,5.5,JP
11168,2499,39,97461,21,1.86,JP
10914,2499,53,132447,28,1.89,JP
11167,2999,63,188937,29,2.17,JP
11091,2299,21,48279,7,3,JP
11251,1499,54,80946,29,1.97,JP
19998,749,242,181258,146,1.67,JP
11411,2999,30,89970,9,3.33,JP
11402,1499,39,58461,14,2.79,JP
11422,4999,11,54989,2,5.5,JP
18010,1499,215,322285,626,0.35,JP
18020,1499,0,0,0,0,JP
11486,2999,2,5998,5,0.4,JP
11445,3999,0,0,2,0,JP
11516,2499,31,77469,8,3.88,JP
11521,2499,0,0,72,0,JP
11517,2999,64,191936,36,1.81,JP
11522,2499,250,624750,157,1.67,JP
11525,6999,38,265962,29,1.31,JP
11528,7499,12,89988,3,4,JP
10532,4999,3,14997,4,0.75,JP
11479,2499,34,84966,6,5.67,JP
11533,2999,21,62979,9,2.33,JP
11534,2499,0,0,13,0,JP
11502,1999,11,21989,0,99998,JP
11506,3999,12,47988,3,4,JP
11348,5999,0,0,0,0,JP
11562,2999,25,74975,8,3.13,JP
18026,1499,71,106429,112,0.73,JP
18028,1499,322,482678,273,1.33,JP
11567,3999,27,107973,7,3.86,JP
18033,3499,42,146958,16,2.63,JP
11577,17999,10,179990,0,99998,JP
11578,13999,4,55996,3,1.33,JP
11052,1499,14,20986,4,3.75,JP
11583,7499,17,127483,1,17,JP
11582,3499,29,101471,9,3.22,JP
11605,3999,50,199950,18,2.78,JP
11593,3999,75,299925,7,10.71,JP
11566,3499,6,20994,11,0.55,JP
11635,2999,77,230923,42,1.83,JP
11626,4999,7,34993,1,7,JP
11611,8499,2,16998,2,1,JP
10442,1299,48,62352,10,4.8,JP
11354,9499,18,170982,15,1.2,JP
11615,9499,8,75992,1,8,JP
11633,9999,0,0,5,0,JP
18025,1499,451,676049,324,1.42,JP
11670,2499,18,44982,4,4.5,JP
10887,999,35,34965,8,4.38,JP
10891,799,25,19975,8,3.13,JP
18038,1499,0,0,0,0,JP
18037,1499,190,284810,146,1.47,JP
18040,1499,169,253331,103,1.97,JP
11663,6999,9,62991,3,3,JP
11665,2999,23,68977,17,1.35,JP
11648,6999,8,55992,0,99998,JP
11454,6499,10,64990,2,5,JP
11673,4999,21,104979,3,7,JP
11574,1499,38,56962,4,9.5,JP
11607,3499,26,90974,10,2.6,JP
11706,2999,24,71976,15,1.6,JP
11581,4999,63,314937,46,1.37,JP
11573,3999,23,91977,16,1.44,JP
11637,6999,11,76989,7,1.57,JP
18047,1499,0,0,0,0,JP
18046,1499,185,277315,140,1.39,JP
11529,999,73,72927,100,0.7,JP
18049,1499,0,0,0,0,JP
11508,2999,0,0,4,0,JP
11541,9999,12,119988,0,99998,JP
11543,6999,20,139980,3,6.67,JP
11694,4999,12,59988,0,99998,JP
11696,2999,14,41986,2,7,JP
11444,999,11,10989,3,3.67,JP
11062,4999,3,14997,0,99998,JP
11703,1799,0,0,59,0,JP
11749,2999,13,38987,1,13,JP
11447,4499,33,148467,22,1.5,JP
11449,4999,36,179964,21,1.71,JP
18043,3999,0,0,0,0,JP
18055,3999,0,0,0,0,JP
11684,4499,21,94479,9,2.33,JP
11680,4999,44,219956,26,1.69,JP
11687,1199,47,56353,9,5.22,JP
11724,1999,41,81959,7,5.86,JP
11750,2499,17,42483,11,1.64,JP
11726,3499,11,38489,0,99998,JP
11729,3499,7,24493,1,7,JP
11019,2499,19,47481,3,6.33,JP
11145,2999,6,17994,3,2,JP
11419,2499,3,7497,1,3,JP
11738,2999,7,20993,11,0.73,JP
11705,2499,21,52479,12,1.75,JP
11797,499,9,4491,2,4.5,JP
11776,1999,28,55972,13,2.15,JP
11794,4499,0,0,0,0,JP
11689,4999,17,84983,22,0.77,JP
11700,7999,6,47994,2,3,JP
11832,1499,11,16489,4,2.75,JP
11831,1499,22,32978,0,99998,JP
11538,1999,17,33983,8,2.13,JP
11369,1999,5,9995,0,99998,JP
10905,5499,0,0,0,0,JP
11798,6499,6,38994,3,2,JP
11810,6499,5,32495,0,99998,JP
11660,7499,5,37495,1,5,JP
11668,4499,9,40491,1,9,JP
11804,6999,12,83988,7,1.71,JP
11811,6999,13,90987,7,1.86,JP
11829,2999,20,59980,0,99998,JP
11753,3999,0,0,0,0,JP
11985,3499,42,146958,24,1.75,JP
11986,2499,32,79968,23,1.39,JP
11722,1999,27,53973,18,1.61,JP
11958,2999,11,32989,2,5.5,JP
11466,3199,21,67179,11,1.91,JP
11990,2699,1,2699,4,0.5,JP
11568,3499,45,157455,14,3.29,JP
11993,5999,16,95984,7,2.29,JP
11924,4999,11,54989,9,1.22,JP
11923,4499,15,67485,7,2.14,JP
11904,4499,27,121473,4,6.75,JP
10971,4499,18,80982,8,2.25,JP
11953,4999,16,79984,3,5.33,JP
11907,3499,25,87475,8,3.25,JP
11909,4999,38,189962,11,3.45,JP
11937,2999,22,65978,14,1.57,JP
11902,4999,5,24995,1,5,JP
11679,2999,14,41986,9,1.56,JP
11935,11999,4,47996,0,99998,JP
11669,7499,10,74990,0,99998,JP
11944,3999,39,155961,20,2.1,JP
11950,4499,34,152966,20,1.75,JP
11994,1699,159,270141,70,2.29,JP
11618,4499,9,40491,0,99998,JP
11911,4999,6,29994,2,3,JP
11912,4999,2,9998,1,2,JP
11914,5999,19,113981,4,4.75,JP
11915,5999,14,83986,3,4.67,JP
11947,3499,16,55984,7,2.29,JP
11913,4999,10,49990,0,99998,JP
11916,5999,7,41993,0,99998,JP
12010,3999,20,79980,6,3.33,JP
11908,1999,11,21989,1,11,JP
11943,999,34,33966,12,2.83,JP
11572,2699,100,269900,53,1.91,JP
11634,2999,0,0,0,0,JP
11917,6999,4,27996,0,99998,JP
11918,6999,3,20997,0,99998,JP
11920,7499,2,14998,1,2,JP
11921,7499,6,44994,2,3,JP
11922,7499,5,37495,0,99998,JP
11653,4999,16,79984,2,8,JP
11967,8499,11,93489,4,2.75,JP
11983,3499,22,76978,10,2.2,JP
12013,3999,73,291927,34,2.15,JP
11919,6999,4,27996,0,99998,JP
12060,2299,8,18392,7,1.14,JP
11903,1999,39,77961,1,39,JP
12122,4999,10,49990,0,99998,JP
12123,3999,11,43989,8,1.38,JP
12124,3499,12,41988,2,6,JP
11284,2499,61,152439,37,1.68,JP
11764,499,47,23453,25,1.88,JP
11765,499,46,22954,22,2.09,JP
11988,9999,5,49995,0,99998,JP
11987,9999,12,119988,3,4,JP
11989,6999,11,76989,2,5.5,JP
11976,6499,13,84487,3,4.33,JP
12057,4499,53,238447,30,1.77,JP
11834,6499,8,51992,2,4,JP
11707,4499,10,44990,0,99998,JP
11519,5499,6,32994,0,99998,JP
11315,4999,7,34993,3,2.33,JP
11314,4999,7,34993,2,3.5,JP
11316,9499,4,37996,0,99998,JP
12129,499,19,9481,0,99998,JP
12128,449,20,8980,0,99998,JP
12105,2999,20,59980,0,99998,JP
11796,549,15,8235,0,99998,JP
12003,3499,11,38489,2,5.5,JP
12007,9999,3,29997,0,99998,JP
12048,7999,2,15998,0,99998,JP
12127,3499,4,13996,1,4,JP
11320,7499,6,44994,0,99998,JP
11321,4999,13,64987,3,4.33,JP
11303,16999,0,0,0,0,JP
11305,16999,6,101994,0,99998,JP
12198,7499,6,44994,0,99998,JP
11304,16999,6,101994,0,99998,JP
11839,4999,8,39992,0,99998,JP
11077,2999,13,38987,5,2.6,JP
12206,7999,3,23997,0,99998,JP
11327,5999,6,35994,0,99998,JP
11325,3999,3,11997,2,1.5,JP
12196,5999,6,35994,0,99998,JP
12142,1999,18,35982,1,18,JP
12177,1999,18,35982,1,18,JP
12141,1999,20,39980,0,99998,JP
12204,7499,6,44994,0,99998,JP
12235,4999,10,49990,0,99998,JP
12215,3999,5,19995,0,99998,JP
12217,3499,5,17495,0,99998,JP
10716,699,19,13281,0,99998,JP
12139,799,20,15980,0,99998,JP
12140,999,20,19980,0,99998,JP
12166,2999,19,56981,1,19,JP
18067,2499,0,0,31,0,JP
18068,2499,12,29988,13,1,JP
18069,2499,0,0,24,0,JP
11298,0,0,0,0,0,JP
10103,12999,0,0,0,0,JP
11298,0,0,0,0,0,JP
10887,6.99,115,803.85,57,2.02,UK
10891,4.99,68,339.32,33,2.06,UK
11077,14.99,201,3012.99,155,1.37,UK
11145,14.99,58,869.42,35,1.66,UK
10985,16.99,93,1580.07,32,2.91,UK
10857,16.99,116,1970.84,19,7.16,UK
10839,19.99,128,2558.72,120,2.73,UK
10855,15.99,116,1854.84,241,0.5,UK
11395,19.99,125,2498.75,8,15.63,UK
11365,24.99,80,1999.2,32,2.5,UK
10966,24.99,10,249.9,13,0.77,UK
10904,19.99,71,1419.29,10,7.1,UK
11266,22.99,340,7816.6,143,2.85,UK
11260,22.99,136,3126.64,39,3.49,UK
11168,14.99,152,2278.48,31,6.19,UK
11167,19.99,231,4617.69,135,1.83,UK
11387,9.99,53,529.47,12,4.42,UK
10844,16.99,38,645.62,0,99998,UK
10914,17.99,16,287.84,3,5.33,UK
11284,19.99,70,1399.3,7,10,UK
11091,14.99,106,1588.94,15,7.07,UK
11251,11.99,120,1438.8,74,1.62,UK
19998,4.99,71,354.29,9,7.89,UK
11411,19.99,69,1379.31,18,3.83,UK
11427,39.99,70,2799.3,35,2,UK
18010,9.99,2,19.98,4,0.5,UK
11516,14.99,61,914.39,28,2.18,UK
11517,19.99,91,1819.09,13,7,UK
11522,19.99,193,3858.07,64,3.02,UK
11485,16.99,516,8766.84,170,3.35,UK
11521,16.99,45,764.55,6,7.5,UK
11530,49.99,50,2499.5,6,8.33,UK
11524,37.99,255,9687.45,50,5.1,UK
11533,19.99,23,459.77,0,99998,UK
11534,16.99,32,543.68,6,5.33,UK
11562,19.99,33,659.67,6,5.5,UK
11568,29.99,91,2729.09,53,1.72,UK
11567,26.99,80,2159.2,11,7.27,UK
18028,9.99,7,69.93,2,3.5,UK
11578,89.99,6,539.94,1,6,UK
11582,24.99,27,674.73,2,13.5,UK
11599,24.99,87,2174.13,34,2.56,UK
11505,19.99,66,1319.34,23,2.91,UK
11572,29.99,90,2699.1,50,1.8,UK
11019,19.99,34,679.66,4,8.5,UK
11640,24.99,1,24.99,25,0.04,UK
11473,19.99,265,5297.35,110,2.41,UK
11501,14.99,124,1858.76,25,4.96,UK
11635,19.99,66,1319.34,15,4.4,UK
11616,44.99,64,2879.36,18,3.56,UK
11538,11.99,49,587.51,25,1.96,UK
10442,11.99,79,947.21,40,1.98,UK
11625,24.99,57,1424.43,5,11.4,UK
11052,7.99,81,647.19,34,2.38,UK
18026,9.99,7,69.93,1,7,UK
11429,44.99,189,8503.11,90,2.19,UK
18025,9.99,6,59.94,1,6,UK
11444,9.99,15,149.85,0,99998,UK
11574,14.99,19,284.81,6,3.17,UK
11591,39.99,142,5678.58,89,1.67,UK
11667,16.99,248,4213.52,46,5.39,UK
11674,44.99,254,11427.46,149,2.07,UK
11447,34.99,28,979.72,6,4.67,UK
11455,34.99,87,3044.13,49,1.78,UK
11449,39.99,12,479.88,4,3,UK
11692,13.99,160,2238.4,13,12.31,UK
11529,9.99,109,1088.91,19,5.74,UK
11579,19.99,150,2998.5,29,5.17,UK
11489,44.99,9,404.91,1,9,UK
11573,34.99,21,734.79,3,7,UK
11570,19.99,37,739.63,6,6.17,UK
11527,39.99,33,1319.67,11,3,UK
11705,16.99,15,254.85,8,1.88,UK
11442,59.99,28,1679.72,89,0.32,UK
11609,19.99,172,3438.28,93,1.9,UK
11634,29.99,0,0,29,0,UK
11691,34.99,107,3743.93,46,2.33,UK
11768,8.99,264,2373.36,208,1.26,UK
18038,9.99,0,0,0,0,UK
18037,9.99,3,29.97,1,3,UK
18040,9.99,4,39.96,0,99998,UK
11368,19.99,38,759.62,0,99998,UK
10899,31.99,7,223.93,1,7,UK
11687,7.99,70,559.3,9,7.78,UK
11698,16.99,127,2157.73,32,3.97,UK
11703,12.99,39,506.61,91,0.45,UK
18043,31.99,1,31.99,1,1,UK
11686,29.99,89,2669.11,48,1.85,UK
18055,31.99,0,0,0,0,UK
18047,9.99,0,0,1,0,UK
18046,9.99,7,69.93,1,7,UK
11724,14.99,31,464.69,2,15.5,UK
11730,19.99,65,1299.35,15,4.33,UK
11733,11.99,53,635.47,209,0.26,UK
11742,14.99,152,2278.48,7,21.71,UK
11745,19.99,0,0,0,0,UK
11419,11.99,63,755.37,0,99998,UK
11044,9.99,19,189.81,5,3.8,UK
11848,9.99,12,119.88,3,4,UK
11875,19.99,4,79.96,2,2,UK
11886,24.99,5,124.95,2,2.5,UK
11897,19.99,5,99.95,1,5,UK
11279,34.99,9,314.91,3,3,UK
11881,14.99,20,299.8,1,20,UK
11764,3.99,81,323.19,0,99998,UK
11765,2.99,73,218.27,0,99998,UK
11796,2.99,57,170.43,0,99998,UK
11797,4.99,40,199.6,2,20,UK
11341,59.99,5,299.95,1,5,UK
11577,139.99,4,559.96,0,99998,UK
11831,9.99,60,599.4,22,2.73,UK
11654,29.99,68,2039.32,25,3.24,UK
11832,8.99,23,206.77,4,5.75,UK
11874,19.99,17,339.83,4,4.25,UK
11862,19.99,16,319.84,1,16,UK
11868,19.99,7,139.93,1,7,UK
11418,32.99,129,4255.71,4,32.25,UK
11884,29.99,6,179.94,0,99998,UK
11802,24.99,106,2648.94,45,2.36,UK
11808,34.99,94,3289.06,34,2.76,UK
11766,14.99,14,209.86,3,4.67,UK
11662,49.99,203,10147.97,51,3.98,UK
11727,19.99,113,2258.87,55,2.42,UK
11739,19.99,81,1619.19,22,3.68,UK
11840,11.99,53,635.47,45,1.18,UK
11959,19.99,142,2838.58,40,3.6,UK
11402,11.99,112,1342.88,88,1.81,UK
11838,16.99,128,2174.72,14,9.14,UK
11904,34.99,13,454.87,8,1.63,UK
11924,39.99,25,999.75,0,99998,UK
11923,34.99,25,874.75,1,25,UK
11943,4.99,19,94.81,8,2.38,UK
11760,24.99,0,0,7,0,UK
12000,39.99,0,0,1,0,UK
11998,19.99,4,79.96,0,99998,UK
11999,24.99,15,374.85,0,99998,UK
11910,39.99,141,5638.59,92,1.78,UK
11954,39.99,165,6598.35,116,1.78,UK
11908,7.99,7,55.93,1,7,UK
11925,11.99,17,203.83,1,17,UK
11907,22.99,16,367.84,1,16,UK
11937,19.99,109,2178.91,16,6.81,UK
11002,49.99,4,199.96,2,2,UK
11761,34.99,7,244.93,0,99998,UK
12055,24.99,17,424.83,7,2.43,UK
11901,29.99,78,2339.22,20,3.9,UK
11951,26.99,110,2968.9,58,1.9,UK
11657,29.99,121,3628.79,10,12.1,UK
11970,19.99,77,1539.23,23,3.35,UK
11994,11.99,118,1414.82,69,1.83,UK
11948,24.99,123,3073.77,41,3,UK
11971,34.99,81,2834.19,31,2.61,UK
11598,39.99,73,2919.27,26,2.81,UK
12063,29.99,12,359.88,4,3,UK
11944,29.99,8,239.92,0,99998,UK
12013,29.99,79,2369.21,12,6.58,UK
11903,19.99,37,739.63,3,12.33,UK
11983,24.99,131,3273.69,61,2.15,UK
12060,16.99,16,271.84,5,3.2,UK
12051,29.99,82,2459.18,14,5.86,UK
11644,24.99,49,1224.51,19,2.58,UK
12012,22.99,104,2390.96,54,1.93,UK
12159,29.99,0,0,0,0,UK
12152,19.99,1,19.99,3,0.33,UK
11827,22.99,79,1816.21,0,99998,UK
11945,19.99,81,1619.19,23,4.39,UK
12129,3.99,17,67.83,2,8.5,UK
11205,29.99,23,689.77,10,2.3,UK
12128,3.99,19,75.81,0,99998,UK
12141,11.99,25,299.75,10,2.5,UK
12142,11.99,24,287.76,22,1.09,UK
12177,11.99,51,611.49,16,3.19,UK
12106,24.99,72,1799.28,25,2.88,UK
12167,19.99,80,1599.2,0,99998,UK
10891,6.99,398,2782.02,35,11.37,USA
10887,7.99,308,2460.92,4,77,USA
11077,19.99,40,799.6,0,99998,USA
11145,17.99,20,359.8,1,20,USA
11204,39.99,76,3039.24,10,7.7,USA
11280,39.99,63,2519.37,36,1.75,USA
10789,19.99,148,2958.52,87,1.99,USA
10793,19.99,22,439.78,7,3.14,USA
10840,24.99,275,6872.25,13,21.15,USA
11033,24.99,113,2823.87,4,28.25,USA
10960,19.99,158,3158.42,109,2.14,USA
11252,39.99,201,8037.99,10,20.1,USA
11002,49.99,29,1449.71,8,3.63,USA
11005,49.99,0,0,12,0,USA
11417,59.99,0,0,0,0,USA
11341,59.99,53,3179.47,11,4.82,USA
11364,39.99,56,2239.44,11,5.09,USA
10532,39.99,62,2479.38,7,8.86,USA
10699,24.99,4,99.96,13,0.31,USA
11369,24.99,36,899.64,2,18,USA
10900,32.99,58,1913.42,12,4.83,USA
10905,29.99,14,419.86,2,7,USA
11267,22.99,138,3172.62,13,10.69,USA
11261,21.99,57,1253.43,23,2.48,USA
11387,7.99,247,1973.53,188,1.9,USA
10844,14.99,236,3537.64,37,6.38,USA
11168,16.99,856,14543.44,763,1.32,USA
10914,11.99,106,1270.94,83,1.65,USA
11167,19.99,1413,28245.87,1051,1.42,USA
11411,16.99,51,866.49,47,1.74,USA
11091,11.99,100,1199,74,1.5,USA
11251,9.99,226,2257.74,129,2.47,USA
11284,19.99,311,6216.89,14,22.21,USA
19998,6.99,392,2740.08,156,2.65,USA
11402,9.99,1209,12077.91,612,2.25,USA
11422,49.99,30,1499.7,20,1.5,USA
11445,59.99,0,0,0,0,USA
11516,19.99,175,3498.25,96,2.05,USA
11517,24.99,210,5247.9,176,1.33,USA
11522,19.99,286,5717.14,192,1.64,USA
11525,44.99,421,18940.79,40,10.53,USA
11506,29.99,89,2669.11,35,2.54,USA
11534,17.99,33,593.67,33,1,USA
11567,29.99,197,5908.03,126,2.04,USA
11568,24.99,350,8746.5,271,1.4,USA
18028,9.99,29,289.71,54,1.46,USA
18033,29.99,18,539.82,19,0.95,USA
11578,119.99,25,2999.75,17,1.47,USA
11577,149.99,25,3749.75,9,2.78,USA
11352,29.99,15,449.85,9,1.67,USA
11566,24.99,225,5622.75,599,0.4,USA
11582,19.99,62,1239.38,43,1.47,USA
11593,24.99,60,1499.4,15,4,USA
11571,29.99,0,0,1,0,USA
11605,24.99,142,3548.58,38,3.74,USA
11623,39.99,4,159.96,5,0.8,USA
11635,14.99,208,3117.92,138,1.78,USA
11615,69.99,131,9168.69,61,2.15,USA
10442,9.99,221,2207.79,236,1.03,USA
11611,49.99,285,14247.15,2,142.5,USA
11626,29.99,115,3448.85,53,2.19,USA
11538,9.99,66,659.34,30,2.23,USA
11019,17.99,102,1834.98,65,1.57,USA
11052,8.99,389,3497.11,1,389,USA
11633,79.99,0,0,144,0,USA
18026,9.99,9,89.91,81,0.14,USA
11648,44.99,112,5038.88,15,7.47,USA
18025,9.99,66,659.34,26,2.58,USA
11444,7.99,47,375.53,7,6.71,USA
11574,9.99,67,669.33,13,5.15,USA
11670,19.99,97,1939.03,71,1.39,USA
11447,39.99,216,8637.84,76,3.11,USA
11449,39.99,178,7118.22,123,1.7,USA
11665,19.99,97,1939.03,44,3.11,USA
11663,44.99,53,2384.47,28,1.89,USA
11668,19.99,34,679.66,1,34,USA
11689,39.99,93,3719.07,170,0.57,USA
11529,6.99,1420,9925.8,1059,1.93,USA
11508,13.99,178,2490.22,0,99998,USA
11573,29.99,29,869.71,13,2.23,USA
11048,49.99,45,2249.55,0,99998,USA
11694,24.99,36,899.64,20,1.8,USA
11541,29.99,76,2279.24,53,1.43,USA
11607,24.99,141,3523.59,78,1.81,USA
18040,9.99,35,349.65,10,3.5,USA
18037,9.99,69,689.31,65,1.09,USA
18038,9.99,0,0,0,0,USA
11543,34.99,104,3638.96,22,4.73,USA
11687,7.99,258,2061.42,9,28.67,USA
11507,14.99,0,0,5,0,USA
11696,17.99,45,809.55,20,2.25,USA
10788,19.99,18,359.82,2,9,USA
11510,19.99,26,519.74,2,13,USA
11595,16.99,37,628.63,2,18.5,USA
11575,44.99,28,1259.72,15,1.87,USA
11614,69.99,12,839.88,3,4,USA
11590,49.99,12,599.88,3,4,USA
11636,49.99,8,399.92,3,2.67,USA
11263,21.99,36,791.64,2,18,USA
11182,19.99,29,579.71,1,29,USA
18047,9.99,0,0,1,0,USA
18046,9.99,53,529.47,28,1.96,USA
18049,9.99,0,0,0,0,USA
11062,49.99,24,1199.76,16,1.5,USA
11703,9.99,75,749.25,190,0.44,USA
11350,49.99,62,3099.38,35,1.77,USA
18043,34.99,0,0,0,0,USA
18055,34.99,0,0,0,0,USA
11680,34.99,57,1994.43,13,4.38,USA
11684,29.99,195,5848.05,130,1.58,USA
11458,24.99,36,899.64,65,1.43,USA
11751,79.99,37,2959.63,27,1.37,USA
11712,29.99,12,359.88,2,6,USA
11724,11.99,55,659.45,32,1.72,USA
11562,19.99,30,599.7,15,2.07,USA
11354,69.99,1331,93156.69,296,4.16,USA
18010,9.99,79,789.21,60,1.32,USA
11771,15.99,10,159.9,2,5,USA
11748,19.99,9,179.91,0,99998,USA
11709,19.99,38,759.62,1,38,USA
11596,44.99,15,674.85,0,99998,USA
11711,24.99,32,799.68,5,6.4,USA
11715,34.99,19,664.81,2,9.5,USA
11288,24.99,40,999.6,0,99998,USA
11798,29.99,190,5698.1,3,63.33,USA
11804,49.99,104,5198.96,0,99998,USA
11810,29.99,54,1619.46,0,99998,USA
11726,19.99,118,2358.82,57,2.12,USA
11729,24.99,165,4123.35,136,1.62,USA
10917,59.99,107,6418.93,2,53.5,USA
11705,17.99,201,3615.99,12,16.75,USA
11738,19.99,132,2638.68,105,1.6,USA
11776,17.99,105,1888.95,8,13.13,USA
11797,5.99,68,407.32,0,99998,USA
11791,22.99,0,0,0,0,USA
11765,4.99,157,783.43,0,99998,USA
11796,4.99,68,339.32,1,68,USA
11764,4.99,86,429.14,6,14.33,USA
11372,19.99,18,359.82,1,18,USA
11290,29.99,5,149.95,2,2.5,USA
10792,19.99,0,0,0,0,USA
11700,39.99,60,2399.4,34,1.79,USA
11832,7.99,102,814.98,61,1.67,USA
11831,9.99,62,619.38,30,2.1,USA
11533,19.99,116,2318.84,24,4.83,USA
11891,24.99,20,499.8,0,99998,USA
11967,54.99,99,5444.01,72,1.39,USA
11660,49.99,175,8748.25,131,1.81,USA
11871,19.99,61,1219.39,3,20.33,USA
11877,19.99,30,599.7,4,7.5,USA
11818,44.99,5,224.95,0,99998,USA
11630,49.99,26,1299.74,4,6.5,USA
11545,17.99,28,503.72,25,1.12,USA
11851,19.99,18,359.82,1,18,USA
11521,17.99,115,2068.85,11,10.55,USA
11766,19.99,102,2038.98,59,1.75,USA
11829,22.99,119,2735.81,59,2.37,USA
10898,24.99,1,24.99,0,99998,USA
10903,14.99,0,0,0,0,USA
11846,21.99,0,0,0,0,USA
11839,34.99,29,1014.71,6,4.83,USA
11958,19.99,90,1799.1,72,1.33,USA
11943,6.99,65,454.35,10,6.6,USA
11993,49.99,70,3499.3,19,3.68,USA
11800,29.99,4,119.96,2,2,USA
11979,29.99,2,59.98,1,2,USA
11806,44.99,11,494.89,0,99998,USA
11982,44.99,0,0,0,0,USA
11634,29.99,0,0,154,0,USA
11904,39.99,43,1719.57,10,4.3,USA
11923,29.99,49,1469.51,21,2.38,USA
11924,29.99,69,2069.31,37,1.92,USA
11572,29.99,142,4258.58,145,1.02,USA
11528,44.99,155,6973.45,97,1.65,USA
11781,14.99,3,44.97,0,99998,USA
11908,8.99,19,170.81,15,1.27,USA
11925,9.99,17,169.83,4,4.25,USA
11811,49.99,81,4049.19,0,99998,USA
11874,19.99,12,239.88,1,12,USA
11880,14.99,0,0,0,0,USA
11953,39.99,247,9877.53,208,1.31,USA
11909,39.99,164,6558.36,130,1.71,USA
11902,26.99,59,1592.41,32,1.88,USA
11679,22.99,107,2459.93,91,1.79,USA
11419,19.99,71,1419.29,32,2.22,USA
12007,69.99,6,419.94,0,99998,USA
12008,44.99,8,359.92,0,99998,USA
12003,9.99,2,19.98,0,99998,USA
12009,29.99,21,629.79,0,99998,USA
11907,14.99,28,419.72,9,3.11,USA
11937,24.99,106,2648.94,52,2.06,USA
11502,19.99,31,619.69,5,6.2,USA
11602,39.99,6,239.94,1,6,USA
12027,39.99,6,239.94,0,99998,USA
12026,39.99,6,239.94,1,6,USA
12048,39.99,6,239.94,1,6,USA
12015,24.99,1,24.99,0,99998,USA
12018,34.99,6,209.94,2,3,USA
12014,24.99,20,499.8,1,20,USA
12017,34.99,0,0,2,0,USA
12016,34.99,26,909.74,4,6.75,USA
12049,24.99,7,174.93,0,99998,USA
11935,29.99,32,959.68,6,5.33,USA
11551,14.99,11,164.89,0,99998,USA
11552,14.99,8,119.92,2,4,USA
12033,29.99,22,659.78,0,99998,USA
12030,24.99,29,724.71,0,99998,USA
12044,14.99,5,74.95,18,0.33,USA
12041,14.99,3,44.97,5,0.6,USA
12042,14.99,11,164.89,0,99998,USA
12046,14.99,33,494.67,16,2.06,USA
12043,14.99,47,704.53,2,23.5,USA
12054,19.99,0,0,0,0,USA
11905,24.99,25,624.75,3,8.33,USA
11906,29.99,0,0,2,0,USA
11669,49.99,56,2799.44,19,2.95,USA
11983,29.99,140,4198.6,98,1.49,USA
11994,9.99,439,4385.61,374,1.5,USA
11618,29.99,65,1949.35,35,1.86,USA
11950,39.99,64,2559.36,43,1.51,USA
11944,19.99,79,1579.21,38,2.16,USA
12058,19.99,25,499.75,0,99998,USA
11914,29.99,34,1019.66,3,11.33,USA
11920,49.99,20,999.8,1,20,USA
11911,24.99,23,574.77,6,3.83,USA
11917,39.99,13,519.87,6,2.17,USA
11947,29.99,93,2789.07,66,1.71,USA
11916,29.99,29,869.71,3,9.67,USA
11912,24.99,21,524.79,22,1,USA
11913,24.99,18,449.82,14,1.29,USA
11915,29.99,34,1019.66,2,17,USA
11043,14.99,12,179.88,2,6,USA
11653,29.99,33,989.67,17,2,USA
11918,39.99,17,679.83,10,2,USA
11919,39.99,8,319.92,11,0.73,USA
11921,49.99,21,1049.79,3,7,USA
11922,49.99,24,1199.76,3,8,USA
12010,29.99,190,5698.1,108,2.34,USA
12013,29.99,108,3238.92,57,1.91,USA
11903,6.99,58,405.42,34,1.79,USA
12060,16.99,8,135.92,43,1.12,USA
11987,29.99,21,629.79,3,7,USA
11988,29.99,14,419.86,11,1.27,USA
11989,24.99,56,1399.44,20,2.8,USA
12127,9.99,10,99.9,2,5,USA
12005,9.99,6,59.94,1,6,USA
12124,14.99,4,59.96,1,4,USA
12122,29.99,5,149.95,4,1.25,USA
12123,19.99,0,0,10,0,USA
12136,19.99,12,239.88,4,3,USA
11957,14.99,19,284.81,0,99998,USA
11289,34.99,6,209.94,1,6,USA
12143,29.99,6,179.94,0,99998,USA
12144,24.99,9,224.91,2,4.5,USA
12145,74.99,9,674.91,1,9,USA
12146,29.99,4,119.96,1,4,USA
12147,19.99,9,179.91,0,99998,USA
12148,29.99,17,509.83,1,17,USA
11995,74.99,6,449.94,0,99998,USA
12159,29.99,0,0,2,0.5,USA
12152,29.99,2,59.98,1,2,USA
12171,29.99,10,299.9,0,99998,USA
12076,24.99,19,474.81,0,99998,USA
11976,14.99,71,1064.29,25,2.84,USA
12081,19.99,23,459.77,26,1.04,USA
11519,39.99,58,2319.42,3,19.33,USA
11885,19.99,19,379.81,0,99998,USA
11707,29.99,61,1829.39,13,4.69,USA
11834,39.99,37,1479.63,6,6.17,USA
11673,34.99,407,14240.93,164,2.86,USA
11303,99.99,120,11998.8,7,17.14,USA
11304,99.99,360,35996.4,16,22.5,USA
11305,99.99,180,17998.2,20,9,USA
12105,24.99,104,2598.96,101,1.28,USA
12128,4.99,89,444.11,0,99998,USA
12129,4.99,98,489.02,1,98,USA
11819,34.99,4,139.96,4,1,USA
12024,39.99,6,239.94,0,99998,USA
11323,69.99,6,419.94,0,99998,USA
12214,69.99,6,419.94,0,99998,USA
11314,29.99,4,119.96,3,1.33,USA
11315,34.99,6,209.94,2,3,USA
11316,69.99,6,419.94,0,99998,USA
12040,9.99,13,129.87,2,6.5,USA
11862,19.99,0,0,2,0,USA
12038,9.99,7,69.93,1,11,USA
12031,24.99,18,449.82,0,99998,USA
12032,29.99,6,179.94,0,99998,USA
12028,24.99,18,449.82,0,99998,USA
12029,29.99,6,179.94,0,99998,USA
12023,39.99,12,479.88,0,99998,USA
12025,39.99,6,239.94,0,99998,USA
12034,44.99,18,809.82,0,99998,USA
12036,44.99,18,809.82,0,99998,USA
12035,44.99,6,269.94,0,99998,USA
12141,9.99,134,1338.66,65,2.37,USA
12142,9.99,93,929.07,79,1.28,USA
12177,9.99,161,1608.39,77,2.1,USA
12202,44.99,12,539.88,0,99998,USA
12203,44.99,12,539.88,0,99998,USA
11320,39.99,5,199.95,1,5,USA
12198,39.99,6,239.94,0,99998,USA
11322,19.99,0,0,0,0,USA
11324,19.99,0,0,0,0,USA
11325,14.99,11,164.89,3,3.67,USA
11326,29.99,0,0,0,0,USA
12195,34.99,0,0,0,0,USA
12006,49.99,0,0,0,0,USA
12200,49.99,0,0,0,0,USA
11327,24.99,6,149.94,0,99998,USA
12196,29.99,6,179.94,0,99998,USA
12204,44.99,6,269.94,0,99998,USA
12206,44.99,12,539.88,0,99998,USA
12201,44.99,18,809.82,0,99998,USA
11991,29.99,6,179.94,0,99998,USA
12197,29.99,9,269.91,3,3,USA
12205,49.99,8,399.92,1,8,USA
12207,44.99,12,539.88,0,99998,USA
12199,39.99,1,39.99,7,0.14,USA
12233,19.99,5,99.95,0,99998,USA
12176,44.99,30,1349.7,0,99998,USA
12174,59.99,60,3599.4,0,99998,USA
12172,69.99,30,2099.7,0,99998,USA
12039,14.99,20,299.8,0,99998,USA
12215,14.99,5,74.95,0,99998,USA
12216,14.99,4,59.96,0,99998,USA
12217,19.99,5,99.95,0,99998,USA
12225,29.99,6,179.94,0,99998,USA
12226,29.99,6,179.94,0,99998,USA
12227,39.99,6,239.94,0,99998,USA
12228,39.99,6,239.94,0,99998,USA
12229,69.99,4,279.96,2,2,USA
12230,74.99,6,449.94,0,99998,USA
12231,44.99,6,269.94,0,99998,USA
12232,44.99,6,269.94,0,99998,USA
11555,19.99,5,99.95,0,99998,USA
12234,19.99,8,159.92,2,4,USA
12235,24.99,4,99.96,0,99998,USA
12237,19.99,5,99.95,0,99998,USA
12238,24.99,5,124.95,0,99998,USA
12239,24.99,5,124.95,0,99998,USA
11823,29.99,19,569.81,0,99998,USA
11486,17.99,54,971.46,99,0.77,USA
11298,89.99,0,0,0,0,USA
11299,89.99,0,0,0,0,USA
10103,89.99,0,0,0,0,USA
10716,4.99,79,394.21,1,79,USA
12139,4.99,79,394.21,1,79,USA
12140,4.99,75,374.25,5,15,USA
12166,21.99,65,1429.35,14,4.64,USA
12037,19.99,10,199.9,0,99998,USA
12224,19.99,5,99.95,0,99998,USA
,0,0,0,0,0,USA
12045,14.99,0,0,1,0,USA
